{
  "hash": "980f8f6e",
  "configHash": "f0a77089",
  "lockfileHash": "ad6ca64c",
  "browserHash": "42e73f7a",
  "optimized": {
    "@angular/core": {
      "src": "../../../../../node_modules/@angular/core/fesm2022/core.mjs",
      "file": "@angular_core.js",
      "fileHash": "3207b7d6",
      "needsInterop": false
    },
    "@angular/platform-browser": {
      "src": "../../../../../node_modules/@angular/platform-browser/fesm2022/platform-browser.mjs",
      "file": "@angular_platform-browser.js",
      "fileHash": "8282a5d7",
      "needsInterop": false
    },
    "@angular/router": {
      "src": "../../../../../node_modules/@angular/router/fesm2022/router.mjs",
      "file": "@angular_router.js",
      "fileHash": "9ff2f809",
      "needsInterop": false
    },
    "deep-diff": {
      "src": "../../../../../node_modules/deep-diff/index.js",
      "file": "deep-diff.js",
      "fileHash": "005ed9e3",
      "needsInterop": true
    },
    "@angular/forms": {
      "src": "../../../../../node_modules/@angular/forms/fesm2022/forms.mjs",
      "file": "@angular_forms.js",
      "fileHash": "3ad14af1",
      "needsInterop": false
    },
    "@angular/common": {
      "src": "../../../../../node_modules/@angular/common/fesm2022/common.mjs",
      "file": "@angular_common.js",
      "fileHash": "67d3837e",
      "needsInterop": false
    },
    "diff": {
      "src": "../../../../../node_modules/diff/lib/index.mjs",
      "file": "diff.js",
      "fileHash": "9fe4cc5c",
      "needsInterop": false
    }
  },
  "chunks": {
    "chunk-OJDEUECY": {
      "file": "chunk-OJDEUECY.js"
    },
    "chunk-46YFAC2O": {
      "file": "chunk-46YFAC2O.js"
    },
    "chunk-VPOOTXOE": {
      "file": "chunk-VPOOTXOE.js"
    },
    "chunk-WKYGNSYM": {
      "file": "chunk-WKYGNSYM.js"
    }
  }
}